outcome_id,outcome_id_basis,outcome_text,source_ref,module_id,lesson_id,cognitive_depth,explanation_status,worked_example_status,notes_section_status,planned_items,items_authored,review_status,reviewer_decision
MST-0895-D01.01,Mastemy internal ID (no issuer syllabus),The browser trust model and attack surface,MASTEMY-DESIGN :: Frontend threat model,M01,M01L01,explain|apply (to confirm at blueprint review),not-authored,titled-not-authored,not-authored,14,0,mapped-not-taught,pending
MST-0895-D01.02,Mastemy internal ID (no issuer syllabus),Common frontend threats and their impact,MASTEMY-DESIGN :: Frontend threat model,M01,M01L02,explain|apply (to confirm at blueprint review),not-authored,titled-not-authored,not-authored,14,0,mapped-not-taught,pending
MST-0895-D02.01,Mastemy internal ID (no issuer syllabus),"Stored, reflected and DOM-based XSS",MASTEMY-DESIGN :: Cross-site scripting and injection,M02,M02L01,explain|apply (to confirm at blueprint review),not-authored,titled-not-authored,not-authored,14,0,mapped-not-taught,pending
MST-0895-D02.02,Mastemy internal ID (no issuer syllabus),"Output encoding, sanitisation and safe sinks",MASTEMY-DESIGN :: Cross-site scripting and injection,M02,M02L02,explain|apply (to confirm at blueprint review),not-authored,titled-not-authored,not-authored,14,0,mapped-not-taught,pending
MST-0895-D03.01,Mastemy internal ID (no issuer syllabus),Content Security Policy directives,MASTEMY-DESIGN :: Content Security Policy and headers,M03,M03L01,explain|apply (to confirm at blueprint review),not-authored,titled-not-authored,not-authored,14,0,mapped-not-taught,pending
MST-0895-D03.02,Mastemy internal ID (no issuer syllabus),Other protective headers and their trade-offs,MASTEMY-DESIGN :: Content Security Policy and headers,M03,M03L02,explain|apply (to confirm at blueprint review),not-authored,titled-not-authored,not-authored,14,0,mapped-not-taught,pending
MST-0895-D04.01,Mastemy internal ID (no issuer syllabus),The dependency tree and transitive risk,MASTEMY-DESIGN :: Dependency and supply-chain risk,M04,M04L01,explain|apply (to confirm at blueprint review),not-authored,titled-not-authored,not-authored,14,0,mapped-not-taught,pending
MST-0895-D04.02,Mastemy internal ID (no issuer syllabus),"Typosquatting, malicious packages and provenance",MASTEMY-DESIGN :: Dependency and supply-chain risk,M04,M04L02,explain|apply (to confirm at blueprint review),not-authored,titled-not-authored,not-authored,14,0,mapped-not-taught,pending
MST-0895-D05.01,Mastemy internal ID (no issuer syllabus),"Lockfiles, audits and advisories",MASTEMY-DESIGN :: Auditing and remediation workflow,M05,M05L01,explain|apply (to confirm at blueprint review),not-authored,titled-not-authored,not-authored,14,0,mapped-not-taught,pending
MST-0895-D05.02,Mastemy internal ID (no issuer syllabus),Prioritising and patching vulnerabilities safely,MASTEMY-DESIGN :: Auditing and remediation workflow,M05,M05L02,explain|apply (to confirm at blueprint review),not-authored,titled-not-authored,not-authored,14,0,mapped-not-taught,pending
