mst_id,category_no,category_name,title
MST-2809,60,Mastemy Kids: Mathematics,Counting and Numbers (Ages 5-7)
MST-2810,60,Mastemy Kids: Mathematics,Shapes and Patterns (Ages 5-7)
MST-2811,60,Mastemy Kids: Mathematics,Addition and Subtraction to 20 (Ages 5-7)
MST-2812,60,Mastemy Kids: Mathematics,Measuring and Comparing (Ages 5-7)
MST-2813,60,Mastemy Kids: Mathematics,Money and Time Basics (Ages 5-7)
MST-2814,60,Mastemy Kids: Mathematics,Multiplication and Division (Ages 8-10)
MST-2815,60,Mastemy Kids: Mathematics,Fractions and Decimals (Ages 8-10)
MST-2816,60,Mastemy Kids: Mathematics,"Geometry: Shapes, Area and Perimeter (Ages 8-10)"
MST-2817,60,Mastemy Kids: Mathematics,Measurement and Data Handling (Ages 8-10)
MST-2818,60,Mastemy Kids: Mathematics,Place Value and Mental Maths (Ages 8-10)
MST-2819,60,Mastemy Kids: Mathematics,Pre-Algebra and Expressions (Ages 11-13)
MST-2820,60,Mastemy Kids: Mathematics,"Ratios, Proportions and Percentages (Ages 11-13)"
MST-2821,60,Mastemy Kids: Mathematics,Geometry and Angles (Ages 11-13)
MST-2822,60,Mastemy Kids: Mathematics,Statistics and Probability (Ages 11-13)
MST-2823,60,Mastemy Kids: Mathematics,"Integers, Powers and Number Theory (Ages 11-13)"
MST-2824,60,Mastemy Kids: Mathematics,Algebra: Equations and Inequalities (Ages 14-17)
MST-2825,60,Mastemy Kids: Mathematics,Functions and Graphs (Ages 14-17)
MST-2826,60,Mastemy Kids: Mathematics,Trigonometry Essentials (Ages 14-17)
MST-2827,60,Mastemy Kids: Mathematics,Introduction to Calculus (Ages 14-17)
MST-2828,60,Mastemy Kids: Mathematics,Coordinate Geometry and Vectors (Ages 14-17)
