mst_id,verification_status,source_url
MST-0609,n/a-no-official-syllabus,
MST-0610,n/a-no-official-syllabus,
MST-0614,n/a-no-official-syllabus,
MST-0615,n/a-no-official-syllabus,
MST-0616,n/a-no-official-syllabus,
MST-0617,n/a-no-official-syllabus,
MST-0618,n/a-no-official-syllabus,
MST-0619,n/a-no-official-syllabus,
MST-0620,n/a-no-official-syllabus,
MST-0621,n/a-no-official-syllabus,
MST-0622,n/a-no-official-syllabus,
MST-0623,n/a-no-official-syllabus,
MST-0624,n/a-no-official-syllabus,
MST-0625,n/a-no-official-syllabus,
MST-0626,n/a-no-official-syllabus,
MST-0627,n/a-no-official-syllabus,
MST-0628,n/a-no-official-syllabus,
MST-0629,n/a-no-official-syllabus,
MST-0630,n/a-no-official-syllabus,
