course_id,course_version,working_title,planned_total_minutes,instruction_minutes,assessment_minutes,modules,lessons,min_reviewed_bank_plan,curriculum_depth_before,status
MST-1396,0.1.0,Evaluating AI Vendors,480,384,96,5,10,238,inventory,full-curriculum-spec written
MST-1397,0.1.0,Conversational AI Design,480,384,96,5,10,238,inventory,full-curriculum-spec written
MST-1398,0.1.0,AI for Journalists and Fact-Checking,480,384,96,5,10,238,inventory,full-curriculum-spec written
MST-1399,0.1.0,AI in Energy and Utilities,480,384,96,5,10,238,inventory,full-curriculum-spec written
MST-1400,0.1.0,AI in Telecommunications,480,384,96,5,10,238,inventory,full-curriculum-spec written
MST-1401,0.1.0,AI for Game Development,480,384,96,5,10,238,inventory,full-curriculum-spec written
MST-1402,0.1.0,AI and the Future of Work,480,384,96,5,10,238,inventory,full-curriculum-spec written
MST-1403,0.1.0,AI for Nurses and Allied Health,480,384,96,5,10,238,inventory,full-curriculum-spec written
MST-1404,0.1.0,AI for Pharmacists,480,384,96,5,10,238,inventory,full-curriculum-spec written
MST-1405,0.1.0,AI for Engineers (CAE and Design),480,384,96,5,10,238,inventory,full-curriculum-spec written
MST-1406,0.1.0,AI for Translators and Localisation,480,384,96,5,10,238,inventory,full-curriculum-spec written
MST-1407,0.1.0,AI for Architects and Construction,480,384,96,5,10,238,inventory,full-curriculum-spec written
MST-1408,0.1.0,AI in Media and Entertainment,480,384,96,5,10,238,inventory,full-curriculum-spec written
MST-1409,0.1.0,AI for Startups,480,384,96,5,10,238,inventory,full-curriculum-spec written
MST-1410,0.1.0,AI in Insurance Underwriting,480,384,96,5,10,238,inventory,full-curriculum-spec written
MST-1411,0.1.0,AI-Assisted Data Visualisation,480,384,96,5,10,238,inventory,full-curriculum-spec written
MST-1412,0.1.0,AI for Fraud Detection Teams,480,384,96,5,10,238,inventory,full-curriculum-spec written
