mst_id,verification_status,source_url
MST-0069,unverified-needs-official-check,
MST-0070,unverified-needs-official-check,
MST-0071,unverified-needs-official-check,
MST-0072,unverified-needs-official-check,
MST-0109,unverified-needs-official-check,
MST-0111,unverified-needs-official-check,
MST-0112,unverified-needs-official-check,
MST-0113,unverified-needs-official-check,
MST-0129,unverified-needs-official-check,
MST-0130,unverified-needs-official-check,
MST-0132,unverified-needs-official-check,
MST-0133,unverified-needs-official-check,
MST-0209,unverified-needs-official-check,
MST-0210,unverified-needs-official-check,
MST-0211,unverified-needs-official-check,
