course_id,working_title,category_no,course_class,level,planned_hours,curriculum_depth,verification_status,source_ids,source_url,verified_on,verification_method
MST-1857,English Vocabulary Builder (Academic),10,general-professional-skills,foundation,30,full-curriculum-spec,n/a-no-official-syllabus,,,,n/a-no-official-syllabus (Mastemy-own language skill)
MST-1858,English Pronunciation Foundations (Theory),10,general-professional-skills,foundation,30,full-curriculum-spec,n/a-no-official-syllabus,,,,n/a-no-official-syllabus (Mastemy-own language skill)
MST-1859,English Reading Comprehension Strategies,10,general-professional-skills,foundation,30,full-curriculum-spec,n/a-no-official-syllabus,,,,n/a-no-official-syllabus (Mastemy-own language skill)
MST-1860,English Listening Skills Practice,10,general-professional-skills,foundation,30,full-curriculum-spec,n/a-no-official-syllabus,,,,n/a-no-official-syllabus (Mastemy-own language skill)
MST-1861,Spanish for Beginners (A1),10,general-professional-skills,foundation,30,full-curriculum-spec,n/a-no-official-syllabus,,,,n/a-no-official-syllabus (Mastemy-own language skill)
MST-1862,French for Beginners (A1),10,general-professional-skills,foundation,30,full-curriculum-spec,n/a-no-official-syllabus,,,,n/a-no-official-syllabus (Mastemy-own language skill)
MST-0673,SharePoint Information Architecture and Permissions,16,vendor-platform-skills,advanced,30,full-curriculum-spec,vendor-docs-partial,SRC-MS-SPIA,https://learn.microsoft.com/sharepoint/information-architecture-modern-experience,2026-10-02,Microsoft Learn MCP
MST-0679,Power Automate for Microsoft 365 Approval Workflows,16,vendor-platform-skills,intermediate,20,full-curriculum-spec,vendor-docs-partial,SRC-MS-PAAPPR,https://learn.microsoft.com/power-automate/modern-approvals,2026-10-02,Microsoft Learn MCP
MST-0680,Accessible Microsoft 365 Documents and Presentations,16,vendor-platform-skills,intermediate,20,full-curriculum-spec,vendor-docs-partial,SRC-MS-M365ACC,https://learn.microsoft.com/microsoft-365-apps/deploy/accessibility-guide,2026-10-02,Microsoft Learn MCP
MST-1447,Exchange Online Administration Basics,16,general-professional-skills,foundation,10,full-curriculum-spec,vendor-docs-partial,SRC-MS-EXO,https://learn.microsoft.com/exchange/recipients-in-exchange-online/manage-user-mailboxes/manage-user-mailboxes,2026-10-02,Microsoft Learn MCP
MST-1449,Azure SQL Database Essentials,17,vendor-platform-skills,foundation,10,full-curriculum-spec,vendor-docs-partial,SRC-MS-AZSQL,https://learn.microsoft.com/azure/azure-sql/database/sql-database-paas-overview,2026-10-02,Microsoft Learn MCP
MST-1450,Azure Virtual Machines Deep Dive,17,vendor-platform-skills,foundation,10,full-curriculum-spec,vendor-docs-partial,SRC-MS-AZVM,https://learn.microsoft.com/azure/virtual-machines/overview,2026-10-02,Microsoft Learn MCP
MST-1451,Hybrid Identity with Entra Connect,17,vendor-platform-skills,foundation,10,full-curriculum-spec,vendor-docs-partial,SRC-MS-ENTRACONNECT,https://learn.microsoft.com/entra/identity/hybrid/connect/whatis-azure-ad-connect,2026-10-02,Microsoft Learn MCP
