exam_code,vendor,status,source_id,successor
AI-900,Microsoft,retired 2026-06-30 (official),SRC-MS-RETIRE-OFFICIAL,AI-901
MS-900,Microsoft,retired 2026-03-31 (official),SRC-MS-RETIRE-OFFICIAL,AB-900 (successor reported by secondary source only)
AI-102,Microsoft,retired 2026-06-30 (official),SRC-MS-RETIRE-OFFICIAL,AI-103 (successor reported by secondary source only)
AZ-204,Microsoft,retired 2026-07-31 (official),SRC-MS-RETIRE-OFFICIAL,AI-200 (successor reported by secondary source only)
DP-100,Microsoft,retired 2026-06-01 (official),SRC-MS-RETIRE-OFFICIAL,AI-300 (successor reported by secondary source only)
AZ-500,Microsoft,retired 2026-08-31 (official),SRC-MS-RETIRE-OFFICIAL,unknown
AZ-800,Microsoft,retired 2026-09-30 (official),SRC-MS-RETIRE-OFFICIAL,unknown
AZ-801,Microsoft,retired 2026-09-30 (official),SRC-MS-RETIRE-OFFICIAL,unknown
PL-200,Microsoft,retired 2026-08-31 (official),SRC-MS-RETIRE-OFFICIAL,unknown
PL-500,Microsoft,retired 2026-06-30 (official),SRC-MS-RETIRE-OFFICIAL,unknown
PL-600,Microsoft,retired 2026-06-30 (official),SRC-MS-RETIRE-OFFICIAL,unknown
MB-240,Microsoft,retired 2026-06-30 (official),SRC-MS-RETIRE-OFFICIAL,unknown
MB-280,Microsoft,retired 2026-07-31 (official),SRC-MS-RETIRE-OFFICIAL,unknown
MB-335,Microsoft,retired 2026-06-30 (official),SRC-MS-RETIRE-OFFICIAL,unknown
MB-700,Microsoft,retired 2026-06-30 (official),SRC-MS-RETIRE-OFFICIAL,unknown
MB-910,Microsoft,retired 2025-12-31 (official),SRC-MS-RETIRE-OFFICIAL,unknown
MB-920,Microsoft,retired 2025-12-31 (official),SRC-MS-RETIRE-OFFICIAL,unknown
